{"loss": [0.7843477725982666, 0.8007434010505676, 0.7727399468421936, 0.777015209197998, 0.7833126783370972, 0.7820667624473572, 0.7862067222595215, 0.7846824526786804, 0.7704766988754272, 0.7702594995498657, 0.7654857039451599, 0.7613541483879089, 0.7576461434364319, 0.7525054812431335, 0.7419602870941162, 0.7393844127655029, 0.7322377562522888, 0.723997175693512, 0.7227032780647278, 0.7158139944076538, 0.7160059809684753, 0.7107579112052917, 0.7060122489929199, 0.7026075720787048, 0.6969918608665466, 0.6936679482460022, 0.6900777220726013, 0.6878144145011902, 0.685165524482727, 0.6801983714103699], "position_loss": [0.7262992262840271, 0.7468981742858887, 0.719491720199585, 0.7262578010559082, 0.7350772023200989, 0.7358479499816895, 0.7414215207099915, 0.7410605549812317, 0.727905809879303, 0.7286102175712585, 0.7245747447013855, 0.7211800217628479, 0.7181339263916016, 0.7137442231178284, 0.7039265036582947, 0.7019008994102478, 0.6952143311500549, 0.6873293519020081, 0.6862791180610657, 0.6795912981033325, 0.6799062490463257, 0.6747059226036072, 0.6700055599212646, 0.66658616065979, 0.6609557271003723, 0.6575965881347656, 0.6539886593818665, 0.6517277359962463, 0.6491145491600037, 0.6442249417304993], "gru_regularizer_loss": [0.5778550505638123, 0.535819411277771, 0.5298469662666321, 0.5049352049827576, 0.4797109067440033, 0.4595373570919037, 0.44519320130348206, 0.4335504472255707, 0.4230298101902008, 0.41380172967910767, 0.4064059555530548, 0.39902305603027344, 0.392389178276062, 0.3848629891872406, 0.37756985425949097, 0.37204742431640625, 0.3674239218235016, 0.3638438284397125, 0.3613806962966919, 0.3593371510505676, 0.35807719826698303, 0.35756874084472656, 0.35708191990852356, 0.3571937084197998, 0.35730496048927307, 0.3576192557811737, 0.3577592670917511, 0.3576982319355011, 0.35730621218681335, 0.35649624466896057], "l2_xdx_activation_loss": [4.816334694623947e-05, 4.8205922212218866e-05, 4.826204894925468e-05, 4.8332803999073803e-05, 4.84489937662147e-05, 4.859055843553506e-05, 4.876388265984133e-05, 4.8955676902551204e-05, 4.917336264043115e-05, 4.941250153933652e-05, 4.9665712140267715e-05, 4.995017661713064e-05, 5.025045538786799e-05, 5.059014802100137e-05, 5.095615051686764e-05, 5.136045365361497e-05, 5.181650703889318e-05, 5.230174429016188e-05, 5.2826864703092724e-05, 5.340308416634798e-05, 5.4011754400562495e-05, 5.463372508529574e-05, 5.529711415874772e-05, 5.6005639635259286e-05, 5.673482155543752e-05, 5.7483292039250955e-05, 5.824364779982716e-05, 5.898584640817717e-05, 5.969146150164306e-05, 6.037583443685435e-05]}